﻿<?xml version="1.0" encoding="UTF-8" standalone="yes"?>
<addon id="plugin.video.chanand.kids"                                                                                                                                    
	   name="[COLOR aqua]ערוץ הילדים [/COLOR]"                      
	   version="6.3.9"                                                                                                                                        
	   provider-name="Km">
	   <requires>
    <import addon="script.module.resolveurl" version="5.0.00"/>
    <import addon="xbmc.python" version="2.1.0"/>
	<import addon="script.module.requests"/>
	

	
  </requires>
  <extension point="xbmc.python.pluginsource"
            library="default.py">
        <provides>video</provides>
  </extension>
  
  <extension point="xbmc.addon.metadata">
    <summary lang="en">מגוון ערוצי צפייה ברצף לילדים</summary>
    <description lang="en">ערוצים לילדים</description>
    <platform>all</platform>

  </extension>
</addon>