<?xml version="1.0" encoding="UTF-8" standalone="yes"?>
<addon id="repository.jafar" name="jafar" version="1.0.0" provider-name="jafar">
	<extension point="xbmc.addon.repository" name="jafar">
		<info compressed="false">http://cha1m.com/dark/jafar/zips/addons.xml</info>
		<checksum>http://cha1m.com/dark/jafar/zips/addons.xml.md5</checksum>
		<datadir zip="true">http://cha1m.com/dark/jafar/zips/</datadir>
	</extension>
	<extension point="xbmc.addon.metadata">
		<summary>jafar</summary>
		<description>jafar</description>
		<platform>all</platform>
	</extension>
</addon>

