﻿<?xml version="1.0" encoding="UTF-8" standalone="yes"?>
<addon id="repository.Shpitz" name="Shpitz repository" version="1.1.9" provider-name="Shpitz">
    <requires>
        <import addon="xbmc.addon" version="12.0.0"/>
    </requires>
	<extension point="xbmc.addon.repository" name="Shpitz repository">

		<info compressed="false">https://raw.githubusercontent.com/amshpitz/repository.Shpitz/master/addons.xml</info>
		<checksum>https://raw.githubusercontent.com/amshpitz/repository.Shpitz/master/addons.xml.md5</checksum>
		<datadir zip="true">https://github.com/amshpitz/repository.Shpitz/raw/master/Zips/</datadir>

	</extension>
	
	
	<extension point="xbmc.addon.metadata">
		<summary lang="en">kodi- Shpitz repo</summary>
		<description lang="en">kodi- Shpitz repo</description>
		<platform>all</platform>
	</extension>
</addon>

