<?xml version="1.0" encoding="UTF-8"?>
<includes>


<include name="main_buttons">
<control type="list" id="3324">
<posx>1270</posx>
<posy>-10</posy>
<width>750</width>
<height>80</height>
		<onup condition="Control.IsVisible(9027)">9020</onup>
		<onup condition="Control.IsVisible(90010) + !Control.IsVisible(9027)">90010</onup>
		<onup condition="!Control.IsVisible(90010) + Control.IsVisible(90020) + !Control.IsVisible(9027) + !Skin.HasSetting(centermainmenu)">90020</onup>
		<ondown condition="String.IsEqual(Container(9000).ListItem.Property(hasSubmenu),True)">9000</ondown>
		<ondown condition="!String.IsEqual(Container(9000).ListItem.Property(hasSubmenu),True) + Skin.HasSetting(centermainmenu) + Control.IsVisible(90020)">90020</ondown>
		<ondown condition="Control.HasFocus(3324)">9000</ondown>
		<onback condition="Skin.HasSetting(Home.Hide) + !Player.Playing">SetFocus(64)</onback>
		<onleft>3323</onleft>
		<onright>3323</onright>
<orientation>horizontal</orientation>
<itemlayout width="60" height="40">
<control type="image">
<posx>0</posx>
<posy>0</posy>
<width>84</width>
<height>84</height>
<texture border="40" colordiffuse="$INFO[Window(home).Property(ImageColor)]">special://skin/extras/common/roundedbutton-nofocus.png</texture>
</control>
<control type="image">
<posx>22</posx>
<posy>21</posy>
<width>38</width>
<height>38</height>
<texture>$INFO[ListItem.Thumb]</texture>
</control>
</itemlayout>
<focusedlayout width="60" height="40">
<control type="image">
<visible>Control.HasFocus(3324)</visible>
<posx>0</posx>
<posy>0</posy>
<width>84</width>
<height>84</height>
<texture border="40" colordiffuse="deepskyblue">special://skin/extras/common/roundedbutton-focus.png</texture>
</control>
<control type="image">
<posx>0</posx>
<posy>0</posy>
<width>84</width>
<height>84</height>
<texture border="40" colordiffuse="$INFO[Window(home).Property(ImageColor)]">special://skin/extras/common/roundedbutton-nofocus.png</texture>
</control>
<control type="label">
<posx>20</posx>
<posy>100</posy>
<width>200</width>
<height>40</height>
<textcolor>white</textcolor>
<font>font13</font>
<align>center</align>
<label>$INFO[ListItem.Label]</label>
</control>
<control type="image">
<animation effect="rotatey" center="45" start="0,0" end="-360,0" time="450" pulse="true">Focus</animation>
<posx>22</posx>
<posy>21</posy>
<width>38</width>
<height>38</height>
<texture>$INFO[ListItem.Thumb]</texture>
</control>
</focusedlayout>
<content>
<item>
<thumb>$VAR[iconefav]</thumb>
<onclick>$VAR[onclickiconefav]</onclick>
</item>
<item>
<thumb>$VAR[iconforceclose]</thumb>
<onclick>$VAR[onclickiconforceclose]</onclick>
</item>
<item>
<thumb>$VAR[iconeip]</thumb>
<onclick>$VAR[onclickiconeip]</onclick>
</item>
<item>
<thumb>$VAR[iconsettings]</thumb>
<onclick>$VAR[onclicksettings]</onclick>
</item>
<item>
<thumb>$VAR[iconeclean]</thumb>
<onclick>$VAR[onclickiconeclean]</onclick>
</item>
<item>
<thumb>$VAR[iconupdate]</thumb>
<onclick>$VAR[onclickiconupdate]</onclick>
</item>
<item>
<thumb>$VAR[iconwizard]</thumb>
<onclick>$VAR[onclickiconwizard]</onclick>
</item>
<item>
<thumb>$VAR[iconpower]</thumb>
<onclick>$VAR[onclickiconpower]</onclick>
</item>
<item>
<thumb>$VAR[iconvideo]</thumb>
<onclick>$VAR[onclickiconvideo]</onclick>
</item>
<item>
<thumb>$VAR[iconprogram]</thumb>
<onclick>$VAR[onclickiconprogram]</onclick>
</item>
<item>
<thumb>$VAR[iconmusic]</thumb>
<onclick>$VAR[onclickiconmusic]</onclick>
</item>
<item>
<thumb>$VAR[iconsearch]</thumb>
<onclick>$VAR[onclickiconsearch]</onclick>
</item>

</content>
</control>
</include>
</includes>