<?xml version="1.0" encoding="UTF-8" standalone="yes"?>
<addon id="plugin.program.ShpitzTools19" name="ShpitzTools" version="0.1" provider-name="CHAMELEON,Shpitz">
    <requires>
        <import addon="xbmc.python" version="3.0.0" />
        <import addon="script.module.requests" optional="true" />
        <import addon="script.module.six" optional="true" />
        <import addon="script.kodi.android.update" optional="true" version="1.1.7" />
    </requires>
    
    <extension point="xbmc.python.pluginsource" library="default.py">
        <provides>executable</provides>
    </extension>
    
    <extension point="xbmc.service" library="startup.py" start="startup" />
    
    <extension point="xbmc.addon.metadata">
        <summary lang="en">[COLOR limegreen]Shpitz [/COLOR][COLOR yellow]-[/COLOR] [COLOR red]Wizard[/COLOR]</summary>
        <description lang="en">[COLOR limegreen]Shpitz [/COLOR]Wizard offers many maintenance features, selective add-on data saving, and automated build installs.</description>
        <platform>all</platform>
        <reuselanguageinvoker>false</reuselanguageinvoker>
        <source>https://www.github.com/a4k-openproject/plugin.program.openwizard/</source>
        <news>
2.0.0
 - Kodi 19 ready
 - Initial Commit
        </news>
        <assets>
            <icon>icon.png</icon>
            <fanart>fanart.jpg</fanart>
        </assets>
    </extension>
</addon>
