<?xml version="1.0" encoding="UTF-8" standalone="yes"?>
<addon id="plugin.program.shpitzwiz" name="Shpitz Wizard" version="1.7" provider-name="Shpitz">
  <requires>
    <import addon="xbmc.python" version="2.1.0"/>
  </requires>
  <extension point="xbmc.python.pluginsource" library="default.py">
    <provides>executable</provides>
  </extension>
  <extension point="xbmc.service" library="startup.py" start="startup" />
  <extension point="xbmc.addon.metadata">
    <summary lang="en">Shpitz Wizard</summary>
    <description lang="en">Shpitz Wizard allows you to get access to the latest Shpitz Builds.</description>
    <platform>all</platform>
  </extension>
</addon>